variant,label,action,tier,n,acc,tokens_out,cost_usd
base,기준선,raw,cheap,99,0.8586,310.5,0.13666242424242422
base,기준선,raw,mid,99,0.9293,559.2,0.28440030303030306
base,기준선,raw,expensive,99,0.9697,280.9,1.9733737373737377
base,기준선,rw,cheap,99,0.8889,311.6,0.23576727272727271
base,기준선,rw,mid,99,0.9192,562.8,0.38514737373737373
base,기준선,rw,expensive,99,0.9697,313.7,2.296254141414141
S1_lo,오타 5%,raw,cheap,99,0.8384,311.5,0.1374520202020202
S1_lo,오타 5%,raw,mid,99,0.9394,560.0,0.28560060606060605
S1_lo,오타 5%,raw,expensive,99,0.9596,294.2,2.0636969696969696
S1_lo,오타 5%,rw,cheap,99,0.8384,386.7,0.25978070707070705
S1_lo,오타 5%,rw,mid,99,0.899,693.6,0.44190656565656566
S1_lo,오타 5%,rw,expensive,99,0.9091,352.3,2.5066972727272727
S1_md,오타 10%,raw,cheap,99,0.8182,320.9,0.14138464646464646
S1_md,오타 10%,raw,mid,99,0.9394,506.9,0.2613723232323233
S1_md,오타 10%,raw,expensive,99,1.0,293.2,2.0674141414141416
S1_md,오타 10%,rw,cheap,99,0.8687,305.8,0.22914070707070708
S1_md,오타 10%,rw,mid,99,0.9495,496.1,0.349190101010101
S1_md,오타 10%,rw,expensive,99,0.9495,314.6,2.278836464646465
S1_hi,오타 20%,raw,cheap,99,0.7172,316.7,0.1404648484848485
S1_hi,오타 20%,raw,mid,99,0.8081,605.5,0.3091624242424242
S1_hi,오타 20%,raw,expensive,99,0.9091,318.7,2.239838383838384
S1_hi,오타 20%,rw,cheap,99,0.7374,313.1,0.23398575757575754
S1_hi,오타 20%,rw,mid,99,0.8485,641.2,0.4193837373737373
S1_hi,오타 20%,rw,expensive,99,0.8485,290.0,2.134566363636364
E2_lo,잡음 약,raw,cheap,99,0.8788,291.2,0.13436686868686867
E2_lo,잡음 약,raw,mid,99,0.899,561.4,0.2906585858585859
E2_lo,잡음 약,raw,expensive,99,0.9697,280.9,2.0424040404040404
E2_lo,잡음 약,rw,cheap,99,0.8081,322.5,0.23904525252525255
E2_lo,잡음 약,rw,mid,99,0.9394,597.8,0.40053777777777777
E2_lo,잡음 약,rw,expensive,99,0.9394,315.7,2.2881667676767674
E2_hi,잡음 강,raw,cheap,99,0.8384,260.4,0.13246757575757578
E2_hi,잡음 강,raw,mid,99,0.9394,561.0,0.3003624242424242
E2_hi,잡음 강,raw,expensive,99,0.9596,298.7,2.281353535353536
E2_hi,잡음 강,rw,cheap,99,0.8788,304.6,0.2389259595959596
E2_hi,잡음 강,rw,mid,99,0.9394,562.2,0.39037767676767676
E2_hi,잡음 강,rw,expensive,99,0.9697,295.6,2.1645853535353536
D2,지시 제거,raw,cheap,99,0.7677,316.8,0.13608292929292928
D2,지시 제거,raw,mid,99,0.9394,564.8,0.283739898989899
D2,지시 제거,raw,expensive,99,0.9495,282.2,1.9368282828282826
D2,지시 제거,rw,cheap,99,0.8485,364.9,0.243889797979798
D2,지시 제거,rw,mid,99,0.9394,595.7,0.38824939393939395
D2,지시 제거,rw,expensive,99,0.9495,364.1,2.5593572727272726
D1,맥락 누락,raw,cheap,90,0.8667,319.7,0.13871533333333333
D1,맥락 누락,raw,mid,90,0.9111,537.7,0.272714
D1,맥락 누락,raw,expensive,90,0.9444,278.4,1.937
D1,맥락 누락,rw,cheap,90,0.8222,300.1,0.23861533333333332
D1,맥락 누락,rw,mid,90,0.9222,492.9,0.35968744444444445
D1,맥락 누락,rw,expensive,90,0.9222,313.1,2.3264946666666666
N1,그럴듯한 무관정보,raw,cheap,96,0.8333,323.8,0.14415
N1,그럴듯한 무관정보,raw,mid,96,0.9375,643.2,0.32645437499999996
N1,그럴듯한 무관정보,raw,expensive,96,0.9271,321.8,2.253083333333333
N1,그럴듯한 무관정보,rw,cheap,96,0.8958,306.3,0.25146593749999996
N1,그럴듯한 무관정보,rw,mid,96,0.9271,613.6,0.42706687499999996
N1,그럴듯한 무관정보,rw,expensive,96,0.9167,306.6,2.3178446875
